"Fecha","Último","Apertura","Máximo","Mínimo","Vol.","% var."
"20.04.2023","103,81","103,45","105,23","103,22","57,28M","-0,47%"
"19.04.2023","104,30","101,58","105,12","101,39","58,15M","1,96%"
"18.04.2023","102,30","103,95","104,20","101,52","39,41M","-0,43%"
"17.04.2023","102,74","103,16","103,73","101,59","39,92M","0,22%"
"14.04.2023","102,51","102,07","103,20","101,11","51,45M","0,11%"
"13.04.2023","102,40","98,95","102,57","98,71","67,36M","4,67%"
"12.04.2023","97,83","100,40","100,51","97,71","56,35M","-2,09%"
"11.04.2023","99,92","100,80","101,00","99,01","60,12M","-2,20%"
"10.04.2023","102,17","100,96","102,20","99,57","37,00M","0,11%"
"06.04.2023","102,06","100,75","102,38","99,80","43,81M","0,95%"
"05.04.2023","101,10","103,91","103,91","100,75","44,76M","-2,74%"
"04.04.2023","103,95","102,75","104,20","102,11","48,36M","1,50%"
"03.04.2023","102,41","102,30","103,29","101,43","40,90M","-0,85%"
"31.03.2023","103,29","102,16","103,49","101,95","56,75M","1,26%"
"30.03.2023","102,00","101,55","103,04","101,01","52,07M","1,75%"
"29.03.2023","100,25","98,69","100,42","98,56","49,78M","3,10%"
"28.03.2023","97,24","98,11","98,44","96,29","38,56M","-0,82%"
"27.03.2023","98,04","99,07","99,34","97,08","46,50M","-0,09%"
"24.03.2023","98,13","98,07","98,30","96,40","56,15M","-0,59%"
"23.03.2023","98,71","100,43","101,06","97,62","57,32M","0,01%"
"22.03.2023","98,70","100,45","102,10","98,61","57,09M","-1,90%"
"21.03.2023","100,61","98,14","100,85","98,00","57,86M","2,97%"
"20.03.2023","97,71","98,41","98,48","95,70","60,96M","-1,25%"
"17.03.2023","98,95","99,79","100,66","97,46","87,30M","-1,09%"
"16.03.2023","100,04","95,75","100,99","95,61","84,25M","3,99%"
"15.03.2023","96,20","93,22","96,67","93,07","69,74M","1,39%"
"14.03.2023","94,88","93,83","95,07","92,71","60,43M","2,65%"
"13.03.2023","92,43","89,97","94,02","88,12","72,40M","1,87%"
"10.03.2023","90,73","92,67","93,57","90,25","69,83M","-1,65%"
"09.03.2023","92,25","93,68","96,21","92,18","55,59M","-1,78%"
"08.03.2023","93,92","93,60","94,17","92,18","44,90M","0,40%"
"07.03.2023","93,55","94,06","95,09","92,78","49,10M","-0,21%"
"06.03.2023","93,75","95,19","96,54","93,74","52,11M","-1,21%"
"03.03.2023","94,90","92,74","94,94","92,66","54,85M","3,01%"
"02.03.2023","92,13","91,41","92,23","90,39","54,13M","-0,04%"
"01.03.2023","92,17","93,87","94,68","91,59","51,91M","-2,19%"
"28.02.2023","94,23","93,14","94,69","92,92","43,96M","0,50%"
"27.02.2023","93,76","94,28","94,78","93,14","47,47M","0,28%"
"24.02.2023","93,50","93,53","94,14","92,32","57,05M","-2,42%"
"23.02.2023","95,82","96,12","96,43","93,67","48,47M","0,03%"
"22.02.2023","95,79","95,10","97,01","94,80","59,53M","1,28%"
"21.02.2023","94,58","95,33","95,61","94,27","56,58M","-2,70%"
"17.02.2023","97,20","97,80","97,94","95,65","60,03M","-0,97%"
"16.02.2023","98,15","99,21","100,63","98,10","54,40M","-2,98%"
"15.02.2023","101,16","99,09","101,17","98,45","47,44M","1,46%"
"14.02.2023","99,70","98,41","100,92","97,52","56,20M","0,16%"
"13.02.2023","99,54","97,85","99,68","96,91","52,66M","1,98%"
"10.02.2023","97,61","97,56","98,82","96,23","52,74M","-0,64%"
"09.02.2023","98,24","101,32","101,78","97,57","63,78M","-1,81%"
"08.02.2023","100,05","102,04","102,67","98,78","75,28M","-2,02%"
"07.02.2023","102,11","101,17","102,41","98,08","115,90M","-0,07%"
"06.02.2023","102,18","102,93","103,95","100,65","80,86M","-1,17%"
"03.02.2023","103,39","105,26","108,78","102,52","144,38M","-8,43%"
"02.02.2023","112,91","110,25","114,00","108,88","147,04M","7,38%"
"01.02.2023","105,15","102,53","106,24","101,24","76,15M","1,96%"
"31.01.2023","103,13","101,15","103,35","101,14","66,53M","2,57%"
"30.01.2023","100,55","101,09","101,74","99,01","68,38M","-1,65%"
"27.01.2023","102,24","99,53","103,48","99,53","87,78M","3,04%"
"26.01.2023","99,22","98,23","99,49","96,92","68,52M","2,10%"
"25.01.2023","97,18","92,56","97,24","91,52","94,26M","0,89%"
"24.01.2023","96,32","96,93","98,09","96,00","66,93M","-1,23%"
"23.01.2023","97,52","97,56","97,78","95,86","76,50M","0,28%"
"20.01.2023","97,25","93,86","97,35","93,20","67,48M","3,81%"
"19.01.2023","93,68","94,74","95,44","92,86","69,00M","-1,86%"
"18.01.2023","95,46","97,25","99,32","95,38","79,57M","-0,61%"
"17.01.2023","96,05","98,68","98,89","95,73","72,76M","-2,11%"
"13.01.2023","98,12","94,18","98,37","94,12","85,55M","2,99%"
"12.01.2023","95,27","96,93","97,19","93,50","85,25M","0,19%"
"11.01.2023","95,09","90,93","95,26","90,93","103,13M","5,81%"
"10.01.2023","89,87","87,57","90,19","87,29","67,76M","2,87%"
"09.01.2023","87,36","87,46","89,48","87,08","65,27M","1,49%"
"06.01.2023","86,08","83,03","86,40","81,43","83,30M","3,56%"
"05.01.2023","83,12","85,33","85,42","83,07","67,93M","-2,37%"
"04.01.2023","85,14","86,55","86,98","83,36","68,89M","-0,79%"
"03.01.2023","85,82","85,46","86,96","84,20","76,71M","2,17%"
"30.12.2022","84,00","83,12","84,05","82,47","62,40M","-0,21%"
"29.12.2022","84,18","82,87","84,55","82,55","55,00M","2,88%"
"28.12.2022","81,82","82,80","83,48","81,69","58,23M","-1,47%"
"27.12.2022","83,04","84,97","85,35","83,00","57,28M","-2,59%"
"23.12.2022","85,25","83,25","85,78","82,93","57,43M","1,74%"
"22.12.2022","83,79","85,52","85,68","82,25","81,43M","-3,43%"
"21.12.2022","86,77","86,17","87,22","85,21","59,27M","1,85%"
"20.12.2022","85,19","85,33","86,61","84,33","74,35M","0,32%"
"19.12.2022","84,92","87,51","87,63","84,51","83,53M","-3,35%"
"16.12.2022","87,86","88,27","89,35","86,73","146,14M","-0,67%"
"15.12.2022","88,45","89,89","89,97","87,47","84,80M","-3,42%"
"14.12.2022","91,58","92,50","93,46","89,87","70,30M","-0,98%"
"13.12.2022","92,49","95,23","96,25","90,52","100,21M","2,14%"
"12.12.2022","90,55","89,21","90,58","87,87","62,00M","1,64%"
"09.12.2022","89,09","88,90","90,30","88,63","67,40M","-1,39%"
"08.12.2022","90,35","89,24","90,86","87,88","73,31M","2,14%"
"07.12.2022","88,46","88,34","89,89","87,48","68,09M","0,24%"
"06.12.2022","88,25","90,50","91,04","87,90","75,50M","-3,03%"
"05.12.2022","91,01","93,05","94,06","90,82","71,54M","-3,31%"
"02.12.2022","94,13","94,47","95,36","93,78","72,50M","-1,43%"
"01.12.2022","95,50","96,99","97,23","94,92","68,49M","-1,08%"
"30.11.2022","96,54","92,47","96,54","91,53","102,81M","4,46%"
"29.11.2022","92,42","94,04","94,41","91,44","65,57M","-1,63%"
"28.11.2022","93,95","93,93","96,40","93,43","75,06M","0,58%"
"25.11.2022","93,41","93,79","94,43","93,06","35,09M","-0,76%"
"23.11.2022","94,13","93,24","94,58","92,83","59,41M","1,00%"
"22.11.2022","93,20","92,62","93,35","90,87","62,19M","0,80%"
"21.11.2022","92,46","93,97","95,02","90,59","84,33M","-1,78%"
"18.11.2022","94,14","95,95","95,99","92,48","72,43M","-0,75%"
"17.11.2022","94,85","95,37","96,97","94,03","82,62M","-2,34%"
"16.11.2022","97,12","96,85","98,49","95,54","87,96M","-1,84%"
"15.11.2022","98,94","103,21","103,79","97,34","111,34M","0,46%"
"14.11.2022","98,49","98,77","100,12","97,29","99,53M","-2,28%"
"11.11.2022","100,79","97,88","101,19","96,66","111,59M","4,31%"
"10.11.2022","96,63","92,94","98,69","91,65","173,41M","12,18%"
"09.11.2022","86,14","89,47","89,48","85,87","90,80M","-4,27%"
"08.11.2022","89,98","90,79","91,72","88,23","88,70M","-0,61%"
"07.11.2022","90,53","91,95","92,10","89,04","77,50M","-0,49%"
"04.11.2022","90,98","91,49","92,44","88,04","129,10M","1,88%"
"03.11.2022","89,30","92,47","93,50","89,02","136,68M","-3,06%"
"02.11.2022","92,12","97,31","97,74","92,01","135,76M","-4,82%"
"01.11.2022","96,79","103,99","104,58","96,06","153,37M","-5,52%"
"31.10.2022","102,44","103,56","104,87","100,74","99,25M","-0,94%"
"28.10.2022","103,41","97,91","103,96","97,66","223,13M","-6,80%"
"27.10.2022","110,96","113,92","114,12","109,77","129,61M","-4,06%"
"26.10.2022","115,66","116,00","119,35","114,76","69,00M","-4,10%"
"25.10.2022","120,60","119,65","121,32","118,95","50,93M","0,65%"
"24.10.2022","119,82","119,98","120,39","116,57","49,53M","0,42%"
"21.10.2022","119,32","114,79","119,59","114,50","55,66M","3,53%"
"20.10.2022","115,25","113,83","118,24","113,51","48,80M","0,16%"
"19.10.2022","115,07","114,71","116,59","113,22","47,20M","-1,11%"
"18.10.2022","116,36","119,06","119,52","114,79","65,61M","2,26%"
"17.10.2022","113,79","110,11","114,19","110,09","62,78M","6,45%"
"14.10.2022","106,90","114,10","114,96","106,60","67,74M","-5,00%"
"13.10.2022","112,53","107,88","113,44","105,34","86,87M","-0,33%"
"12.10.2022","112,90","112,49","113,83","111,40","45,73M","0,61%"
"11.10.2022","112,21","112,71","115,48","110,39","56,43M","-1,28%"
"10.10.2022","113,67","115,10","116,25","112,43","42,34M","-0,78%"
"07.10.2022","114,56","118,00","118,17","113,88","54,68M","-4,77%"
"06.10.2022","120,30","120,77","121,53","119,50","42,25M","-0,54%"
"05.10.2022","120,95","118,58","121,75","117,69","48,22M","-0,12%"
"04.10.2022","121,09","119,89","123,00","119,79","62,81M","4,50%"
"03.10.2022","115,88","113,58","116,91","112,45","50,94M","2,55%"
"30.09.2022","113,00","114,08","116,92","112,84","59,48M","-1,57%"
"29.09.2022","114,80","115,60","116,07","113,06","58,97M","-2,72%"
"28.09.2022","118,01","114,38","118,70","113,80","55,76M","3,15%"
"27.09.2022","114,41","117,19","118,32","113,05","60,09M","-0,64%"
"26.09.2022","115,15","113,30","117,34","113,13","62,72M","1,20%"
"23.09.2022","113,78","116,00","116,05","112,06","65,13M","-3,01%"
"22.09.2022","117,31","117,08","118,79","116,26","55,23M","-1,04%"
"21.09.2022","118,54","122,49","123,76","118,45","58,50M","-2,99%"
"20.09.2022","122,19","123,35","124,40","121,14","47,70M","-1,98%"
"19.09.2022","124,66","122,16","124,71","121,80","47,28M","0,91%"
"16.09.2022","123,53","122,78","123,87","120,70","115,67M","-2,18%"
"15.09.2022","126,28","127,38","130,37","125,50","52,89M","-1,77%"
"14.09.2022","128,55","127,36","128,84","126,33","45,32M","1,36%"
"13.09.2022","126,82","131,01","131,40","126,27","72,69M","-7,06%"
"12.09.2022","136,45","134,09","136,49","134,00","53,83M","2,39%"
"09.09.2022","133,27","130,91","133,69","130,76","49,42M","2,66%"
"08.09.2022","129,82","127,72","130,28","127,10","43,99M","0,26%"
"07.09.2022","129,48","126,12","129,82","125,40","47,83M","2,67%"
"06.09.2022","126,11","127,92","128,62","124,74","43,89M","-1,10%"
"02.09.2022","127,51","129,50","131,38","126,39","57,43M","-0,24%"
"01.09.2022","127,82","126,00","128,02","123,66","56,64M","0,83%"
"31.08.2022","126,77","129,45","130,59","126,74","53,65M","-1,52%"
"30.08.2022","128,73","131,25","132,07","126,85","49,20M","-0,82%"
"29.08.2022","129,79","129,90","131,95","128,77","48,10M","-0,73%"
"26.08.2022","130,75","136,55","137,83","130,50","53,32M","-4,76%"
"25.08.2022","137,28","135,26","137,42","134,28","37,50M","2,60%"
"24.08.2022","133,80","132,75","135,47","132,10","38,63M","0,13%"
"23.08.2022","133,62","133,41","134,99","132,95","36,25M","0,30%"
"22.08.2022","133,22","135,72","136,32","132,85","50,46M","-3,62%"
"19.08.2022","138,23","140,47","141,11","137,91","47,79M","-2,86%"
"18.08.2022","142,30","141,32","142,77","140,38","37,46M","0,14%"
"17.08.2022","142,10","142,69","143,38","140,78","48,15M","-1,85%"
"16.08.2022","144,78","143,91","146,57","142,00","59,10M","1,12%"
"15.08.2022","143,18","142,80","143,76","141,49","39,01M","-0,26%"
"12.08.2022","143,55","142,05","143,57","140,12","47,64M","2,07%"
"11.08.2022","140,64","143,86","144,49","139,76","44,87M","-1,44%"
"10.08.2022","142,69","142,90","144,60","141,01","54,77M","3,53%"
"09.08.2022","137,83","138,05","138,95","136,21","40,43M","-1,13%"
"08.08.2022","139,41","142,05","144,23","138,29","52,30M","-0,99%"
"05.08.2022","140,80","140,10","142,86","139,60","50,69M","-1,24%"
"04.08.2022","142,57","140,58","143,56","139,55","70,59M","2,19%"
"03.08.2022","139,52","136,21","140,49","136,05","71,83M","4,00%"
"02.08.2022","134,16","134,72","137,44","134,09","61,92M","-0,91%"
"01.08.2022","135,39","134,96","138,83","133,51","76,85M","0,33%"
"29.07.2022","134,95","134,90","137,65","132,41","148,89M","10,36%"
"28.07.2022","122,28","121,57","122,84","118,08","82,25M","1,08%"
"27.07.2022","120,97","117,31","121,90","117,16","61,58M","5,37%"
"26.07.2022","114,81","115,79","118,15","114,53","67,08M","-5,23%"
"25.07.2022","121,14","122,69","123,64","120,03","50,22M","-1,05%"
"22.07.2022","122,42","125,01","125,50","121,35","51,46M","-1,77%"
"21.07.2022","124,63","123,20","124,85","121,26","60,24M","1,52%"
"20.07.2022","122,77","118,61","123,47","118,32","71,27M","3,86%"
"19.07.2022","118,21","115,70","118,95","114,03","60,99M","3,91%"
"18.07.2022","113,76","115,00","117,24","113,15","59,12M","0,18%"
"15.07.2022","113,55","112,50","115,59","111,59","84,32M","2,64%"
"14.07.2022","110,63","110,24","111,18","107,58","51,16M","0,21%"
"13.07.2022","110,40","107,03","111,78","106,01","61,35M","1,08%"
"12.07.2022","109,22","112,16","113,23","108,34","54,28M","-2,26%"
"11.07.2022","111,75","114,08","114,30","110,87","53,54M","-3,28%"
"08.07.2022","115,54","114,60","116,58","113,69","45,72M","-0,68%"
"07.07.2022","116,33","113,85","116,99","113,49","57,87M","1,75%"
"06.07.2022","114,33","113,21","115,48","112,01","66,96M","0,73%"
"05.07.2022","113,50","107,60","114,08","106,32","76,68M","3,60%"
"01.07.2022","109,56","106,29","109,75","105,85","73,02M","3,15%"
"30.06.2022","106,21","108,11","108,18","102,52","97,68M","-2,49%"
"29.06.2022","108,92","107,38","110,99","106,91","66,38M","1,42%"
"28.06.2022","107,40","113,50","114,85","107,04","75,17M","-5,14%"
"27.06.2022","113,22","117,09","117,98","112,70","62,13M","-2,78%"
"24.06.2022","116,46","112,38","116,71","111,43","69,87M","3,58%"
"23.06.2022","112,44","110,39","113,00","107,93","64,35M","3,20%"
"22.06.2022","108,95","107,43","112,13","107,02","60,04M","0,25%"
"21.06.2022","108,68","108,20","111,63","103,56","70,90M","2,32%"
"17.06.2022","106,22","102,80","106,98","102,51","99,77M","2,47%"
"16.06.2022","103,66","104,47","104,58","102,01","82,19M","-3,72%"
"15.06.2022","107,67","103,86","109,06","103,53","85,01M","5,24%"
"14.06.2022","102,31","104,19","104,88","101,43","69,73M","-1,31%"
"13.06.2022","103,67","104,19","106,54","101,86","99,28M","-5,45%"
"10.06.2022","109,65","113,42","114,50","109,05","87,41M","-5,60%"
"09.06.2022","116,15","119,99","121,30","116,10","67,03M","-4,15%"
"08.06.2022","121,18","122,61","123,75","120,75","64,93M","-1,48%"
"07.06.2022","123,00","122,00","124,10","120,63","85,16M","-1,43%"
"06.06.2022","124,79","125,25","128,99","123,81","135,27M","1,99%"
"03.06.2022","122,35","124,20","124,40","121,05","97,60M","-2,52%"
"02.06.2022","125,51","121,68","125,61","120,05","100,56M","3,15%"
"01.06.2022","121,68","122,26","125,18","120,62","127,53M","1,22%"
"31.05.2022","120,21","116,28","121,99","115,67","144,63M","4,39%"
"27.05.2022","115,15","113,55","115,19","112,63","93,66M","3,66%"
"26.05.2022","111,08","107,97","112,67","107,45","93,00M","4,03%"
"25.05.2022","106,78","103,66","108,17","103,65","93,12M","2,57%"
"24.05.2022","104,10","104,03","105,40","101,26","102,93M","-3,22%"
"23.05.2022","107,56","108,46","108,82","103,95","107,80M","-0,03%"
"20.05.2022","107,59","109,57","109,90","105,01","99,50M","0,25%"
"19.05.2022","107,32","106,28","110,03","106,19","88,14M","0,20%"
"18.05.2022","107,11","111,44","112,85","106,25","108,38M","-7,16%"
"17.05.2022","115,37","113,28","115,80","111,28","76,45M","4,12%"
"16.05.2022","110,81","113,10","113,99","110,35","74,57M","-1,99%"
"13.05.2022","113,06","109,07","113,18","107,80","93,68M","5,73%"
"12.05.2022","106,93","102,75","110,78","102,41","132,03M","1,48%"
"11.05.2022","105,37","108,10","110,16","104,43","109,70M","-3,21%"
"10.05.2022","108,86","111,25","112,64","107,17","105,43M","0,06%"
"09.05.2022","108,79","111,31","114,00","107,96","128,12M","-5,21%"
"06.05.2022","114,77","114,85","119,05","113,08","124,26M","-1,41%"
"05.05.2022","116,41","123,00","123,50","115,07","144,39M","-7,56%"
"04.05.2022","125,93","123,60","126,00","119,18","110,75M","1,35%"
"03.05.2022","124,25","124,05","126,22","122,83","79,13M","-0,20%"
"02.05.2022","124,50","122,40","124,67","118,38","148,79M","0,18%"
"29.04.2022","124,28","129,85","130,76","121,62","272,66M","-14,05%"
"28.04.2022","144,60","142,18","145,94","140,30","117,32M","4,65%"
"27.04.2022","138,17","140,19","141,95","135,78","71,34M","-0,88%"
"26.04.2022","139,39","144,80","144,86","138,93","77,53M","-4,57%"
"25.04.2022","146,07","144,02","146,22","142,31","61,87M","1,19%"
"22.04.2022","144,35","148,25","149,62","143,70","73,08M","-2,66%"
"21.04.2022","148,30","154,71","156,74","147,59","63,97M","-3,70%"
"20.04.2022","154,00","157,60","157,60","153,60","59,63M","-2,61%"
"19.04.2022","158,12","152,03","158,65","151,55","54,93M","3,50%"
"18.04.2022","152,78","151,52","154,04","150,25","46,51M","0,71%"
"14.04.2022","151,71","155,39","155,90","151,47","51,60M","-2,46%"
"13.04.2022","155,54","150,02","156,03","149,60","53,39M","3,15%"
"12.04.2022","150,79","153,69","155,10","150,38","55,18M","-0,22%"
"11.04.2022","151,12","152,71","154,14","150,53","52,11M","-2,16%"
"08.04.2022","154,46","156,75","157,37","154,23","46,00M","-2,10%"
"07.04.2022","157,78","158,40","160,08","154,51","68,14M","-0,62%"
"06.04.2022","158,76","161,65","162,20","157,25","79,06M","-3,23%"
"05.04.2022","164,06","167,74","168,11","163,27","53,73M","-2,55%"
"04.04.2022","168,35","164,12","168,39","163,21","50,01M","2,93%"
"01.04.2022","163,56","164,15","165,83","162,32","57,09M","0,34%"
"31.03.2022","163,00","166,44","166,50","162,95","59,97M","-1,98%"
"30.03.2022","166,30","168,51","168,95","165,50","56,17M","-1,78%"
"29.03.2022","169,31","170,38","170,83","167,87","66,15M","0,19%"
"28.03.2022","168,99","164,97","169,04","164,90","59,85M","2,56%"
"25.03.2022","164,77","164,00","165,37","162,25","49,09M","0,68%"
"24.03.2022","163,65","163,75","164,12","160,05","56,80M","0,15%"
"23.03.2022","163,41","163,71","166,37","162,69","55,81M","-0,90%"
"22.03.2022","164,89","161,81","166,17","161,70","64,09M","2,11%"
"21.03.2022","161,49","161,12","163,08","159,55","66,54M","0,15%"
"18.03.2022","161,25","156,81","161,59","156,01","102,96M","2,55%"
"17.03.2022","157,24","152,64","157,50","152,14","72,93M","2,70%"
"16.03.2022","153,10","148,50","153,15","147,35","84,96M","3,89%"
"15.03.2022","147,37","142,85","147,99","142,00","75,58M","3,89%"
"14.03.2022","141,85","145,98","147,45","140,88","74,09M","-2,52%"
"11.03.2022","145,52","149,57","149,68","145,37","68,90M","-0,89%"
"10.03.2022","146,82","145,69","148,67","143,98","135,06M","5,41%"
"09.03.2022","139,28","139,50","140,25","136,83","82,66M","2,40%"
"08.03.2022","136,01","136,68","140,70","133,57","91,66M","-1,05%"
"07.03.2022","137,45","145,44","146,09","137,42","86,93M","-5,62%"
"04.03.2022","145,64","147,16","147,85","143,81","60,98M","-1,53%"
"03.03.2022","147,90","153,53","153,93","146,86","65,20M","-2,73%"
"02.03.2022","152,05","150,85","153,00","148,75","47,33M","0,60%"
"01.03.2022","151,14","152,73","154,10","149,98","44,87M","-1,58%"
"28.02.2022","153,56","152,43","154,45","150,85","57,68M","-0,15%"
"25.02.2022","153,79","150,55","153,99","149,21","62,40M","1,61%"
"24.02.2022","151,36","139,84","151,75","139,50","100,79M","4,51%"
"23.02.2022","144,83","151,65","151,76","144,65","64,24M","-3,58%"
"22.02.2022","150,20","150,48","152,98","148,49","66,13M","-1,57%"
"18.02.2022","152,60","155,50","155,50","150,89","63,60M","-1,33%"
"17.02.2022","154,65","158,15","160,35","154,50","64,03M","-2,18%"
"16.02.2022","158,10","155,79","158,83","154,73","52,70M","1,02%"
"15.02.2022","156,51","157,61","158,01","154,64","56,97M","0,86%"
"14.02.2022","155,17","151,75","158,45","151,65","83,23M","1,23%"
"11.02.2022","153,29","158,13","159,00","152,73","77,10M","-3,59%"
"10.02.2022","159,00","158,35","160,72","157,75","68,27M","-1,36%"
"09.02.2022","161,19","162,87","163,83","160,25","68,79M","-0,14%"
"08.02.2022","161,41","156,75","161,79","155,55","76,04M","2,20%"
"07.02.2022","157,94","158,52","162,69","157,25","102,62M","0,19%"
"04.02.2022","157,64","155,61","161,20","150,61","253,46M","13,53%"
"03.02.2022","138,85","141,74","144,25","138,33","225,53M","-7,81%"
"02.02.2022","150,61","155,05","155,07","148,86","87,33M","-0,38%"
"01.02.2022","151,19","150,00","151,71","147,63","59,22M","1,08%"
"31.01.2022","149,57","144,75","150,36","144,30","78,31M","3,88%"
"28.01.2022","143,98","140,86","144,00","137,93","74,39M","3,11%"
"27.01.2022","139,64","140,80","144,24","139,35","77,52M","0,55%"
"26.01.2022","138,87","144,75","145,18","137,32","95,60M","-0,80%"
"25.01.2022","139,99","142,24","143,60","138,15","90,82M","-3,15%"
"24.01.2022","144,54","139,00","144,94","135,35","156,04M","1,33%"
"21.01.2022","142,64","149,95","150,90","142,07","163,97M","-5,95%"
"20.01.2022","151,67","156,77","158,00","151,35","71,97M","-2,96%"
"19.01.2022","156,30","158,76","159,25","156,25","53,24M","-1,65%"
"18.01.2022","158,92","159,10","159,73","157,66","67,44M","-1,99%"
"14.01.2022","162,14","160,15","162,25","159,80","45,97M","0,58%"
"13.01.2022","161,21","165,25","166,22","161,09","52,19M","-2,42%"
"12.01.2022","165,21","166,57","166,88","164,42","50,03M","-0,09%"
"11.01.2022","165,36","161,50","166,35","160,70","62,81M","2,40%"
"10.01.2022","161,49","160,59","161,66","156,30","87,80M","-0,65%"
"07.01.2022","162,55","163,84","165,24","162,03","46,61M","-0,43%"
"06.01.2022","163,25","163,45","164,80","161,94","51,96M","-0,68%"
"05.01.2022","164,36","166,88","167,13","164,36","64,30M","-1,89%"
"04.01.2022","167,52","170,44","171,40","166,35","70,73M","-1,69%"
"03.01.2022","170,40","167,55","170,70","166,16","63,87M","2,21%"
"31.12.2021","166,72","168,96","169,35","166,56","47,83M","-1,14%"
"30.12.2021","168,64","169,70","170,89","168,52","37,58M","-0,33%"
"29.12.2021","169,20","170,84","171,21","168,60","35,75M","-0,86%"
"28.12.2021","170,66","170,18","172,18","169,14","54,71M","0,58%"
"27.12.2021","169,67","171,04","172,94","169,22","58,85M","-0,82%"
"23.12.2021","171,07","170,43","171,97","170,15","36,79M","0,02%"
"22.12.2021","171,04","169,27","172,05","168,50","55,04M","0,36%"
"21.12.2021","170,42","167,85","170,72","165,65","55,96M","2,00%"
"20.12.2021","167,08","166,85","167,87","165,60","57,37M","-1,73%"
"17.12.2021","170,02","167,71","170,90","165,61","85,76M","0,68%"
"16.12.2021","168,87","173,37","174,17","168,16","60,88M","-2,56%"
"15.12.2021","173,31","168,60","173,60","165,19","75,79M","2,50%"
"14.12.2021","169,09","167,55","169,50","166,44","55,98M","-0,28%"
"13.12.2021","169,57","172,00","172,10","169,13","62,17M","-1,53%"
"10.12.2021","172,21","175,42","175,93","170,50","60,69M","-1,13%"
"09.12.2021","174,17","175,75","176,97","174,14","46,06M","-1,13%"
"08.12.2021","176,16","176,15","177,18","174,75","45,25M","0,00%"
"07.12.2021","176,16","174,60","177,50","173,33","66,41M","2,80%"
"06.12.2021","171,37","169,65","173,70","166,93","68,86M","1,11%"
"03.12.2021","169,49","172,75","173,49","166,93","80,71M","-1,38%"
"02.12.2021","171,87","173,00","174,63","171,19","64,73M","-0,19%"
"01.12.2021","172,19","177,25","177,99","172,08","75,14M","-1,80%"
"30.11.2021","175,35","178,18","179,29","174,60","80,02M","-1,53%"
"29.11.2021","178,08","177,38","179,80","176,58","65,31M","1,63%"
"26.11.2021","175,23","180,10","181,68","175,21","59,83M","-2,12%"
"24.11.2021","179,02","178,13","180,68","176,84","46,56M","0,01%"
"23.11.2021","179,00","179,25","181,05","176,39","73,84M","0,21%"
"22.11.2021","178,63","183,82","185,67","178,38","96,96M","-2,83%"
"19.11.2021","183,83","185,63","188,11","183,79","98,92M","-0,52%"
"18.11.2021","184,80","178,32","185,21","178,05","114,07M","4,14%"
"17.11.2021","177,45","178,24","179,36","177,27","51,21M","0,24%"
"16.11.2021","177,03","176,95","178,82","176,26","44,34M","-0,14%"
"15.11.2021","177,28","176,85","179,69","176,29","58,59M","0,58%"
"12.11.2021","176,26","174,25","177,04","172,35","53,79M","1,52%"
"11.11.2021","173,62","175,65","177,16","173,37","45,29M","-0,28%"
"10.11.2021","174,10","178,19","180,27","173,15","80,55M","-2,63%"
"09.11.2021","178,81","175,76","179,69","175,07","85,90M","2,50%"
"08.11.2021","174,45","176,16","178,95","174,39","61,48M","-0,85%"
"05.11.2021","175,95","173,85","178,31","173,85","99,94M","1,21%"
"04.11.2021","173,85","168,50","174,93","168,25","107,06M","2,75%"
"03.11.2021","169,20","165,45","169,75","164,88","67,94M","2,15%"
"02.11.2021","165,64","165,75","166,56","164,18","52,55M","-0,16%"
"01.11.2021","165,91","168,09","168,79","164,60","72,18M","-1,61%"
"29.10.2021","168,62","165,00","168,74","163,67","129,72M","-2,15%"
"28.10.2021","172,33","170,10","173,95","169,30","114,17M","1,60%"
"27.10.2021","169,62","169,40","171,85","168,57","54,04M","0,49%"
"26.10.2021","168,80","167,48","170,81","167,20","53,97M","1,67%"
"25.10.2021","166,02","166,75","167,39","164,88","44,52M","-0,46%"
"22.10.2021","166,78","171,05","171,49","166,56","62,78M","-2,89%"
"21.10.2021","171,75","170,71","172,01","170,15","37,63M","0,59%"
"20.10.2021","170,75","172,63","173,14","170,02","42,80M","-0,85%"
"19.10.2021","172,21","171,71","172,73","171,10","47,72M","-0,08%"
"18.10.2021","172,34","169,42","172,46","169,25","63,48M","1,11%"
"15.10.2021","170,45","165,57","170,52","165,20","103,60M","3,31%"
"14.10.2021","164,99","165,12","165,63","164,54","42,24M","0,48%"
"13.10.2021","164,21","163,49","164,42","163,05","48,50M","1,13%"
"12.10.2021","162,37","162,85","163,38","161,81","36,39M","0,04%"
"11.10.2021","162,31","163,75","164,63","161,91","40,68M","-1,29%"
"08.10.2021","164,43","165,85","166,07","164,41","39,96M","-0,42%"
"07.10.2021","165,12","164,58","166,29","164,15","48,18M","1,24%"
"06.10.2021","163,10","160,68","163,22","159,93","50,66M","1,27%"
"05.10.2021","161,05","160,22","163,04","160,12","65,38M","0,98%"
"04.10.2021","159,49","163,97","164,00","158,81","90,46M","-2,84%"
"01.10.2021","164,16","164,45","165,46","162,80","56,71M","-0,05%"
"30.09.2021","164,25","165,80","166,39","163,70","56,94M","-0,49%"
"29.09.2021","165,06","166,11","167,56","164,89","51,25M","-0,45%"
"28.09.2021","165,80","167,89","168,46","164,51","88,62M","-2,64%"
"27.09.2021","170,29","168,57","170,78","166,98","72,69M","-0,58%"
"24.09.2021","171,28","170,10","171,46","169,67","42,32M","0,28%"
"23.09.2021","170,80","169,00","171,45","169,00","47,59M","1,07%"
"22.09.2021","169,00","167,55","169,45","167,05","48,23M","1,09%"
"21.09.2021","167,18","168,75","168,99","166,62","55,62M","-0,36%"
"20.09.2021","167,79","169,80","170,95","165,25","93,38M","-3,08%"
"17.09.2021","173,13","174,42","174,87","172,61","92,33M","-0,73%"
"16.09.2021","174,41","173,00","174,63","172,31","51,67M","0,36%"
"15.09.2021","173,79","172,13","174,27","170,10","59,15M","0,75%"
"14.09.2021","172,50","173,78","174,34","171,89","38,74M","-0,21%"
"13.09.2021","172,86","174,14","174,90","171,90","51,38M","-0,35%"
"10.09.2021","173,46","175,09","175,42","173,15","47,95M","-0,43%"
"09.09.2021","174,21","176,30","177,50","174,02","54,38M","-1,17%"
"08.09.2021","176,28","175,58","177,28","174,78","61,07M","0,47%"
"07.09.2021","175,46","173,90","176,40","173,85","54,82M","0,90%"
"03.09.2021","173,90","172,60","174,13","171,82","51,57M","0,43%"
"02.09.2021","173,16","174,74","175,60","172,75","58,51M","-0,45%"
"01.09.2021","173,95","174,82","176,35","173,76","72,60M","0,24%"
"31.08.2021","173,54","171,24","173,63","169,78","87,13M","1,44%"
"30.08.2021","171,08","167,87","172,25","167,76","63,84M","2,15%"
"27.08.2021","167,48","166,66","167,62","165,69","48,05M","1,01%"
"26.08.2021","165,80","164,95","166,60","164,80","41,98M","0,51%"
"25.08.2021","164,96","165,49","166,05","164,31","33,61M","-0,20%"
"24.08.2021","165,29","164,00","165,77","163,73","51,04M","1,22%"
"23.08.2021","163,29","160,59","164,04","160,50","65,36M","2,06%"
"20.08.2021","160,00","160,19","160,39","158,79","67,17M","0,38%"
"19.08.2021","159,39","159,70","161,65","159,12","75,66M","-0,42%"
"18.08.2021","160,06","162,10","162,70","160,00","56,09M","-1,26%"
"17.08.2021","162,10","163,88","164,02","161,28","67,76M","-1,73%"
"16.08.2021","164,95","164,15","165,00","160,56","66,57M","0,15%"
"13.08.2021","164,70","165,28","165,30","164,15","41,13M","-0,29%"
"12.08.2021","165,18","164,50","165,73","163,48","46,48M","0,35%"
"11.08.2021","164,61","166,57","166,88","163,89","58,94M","-0,86%"
"10.08.2021","166,03","167,25","167,90","165,75","48,25M","-0,63%"
"09.08.2021","167,09","167,18","167,74","166,43","42,96M","-0,10%"
"06.08.2021","167,25","168,75","168,75","166,45","52,75M","-0,92%"
"05.08.2021","168,80","167,81","169,45","167,05","48,67M","0,63%"
"04.08.2021","167,74","168,97","169,44","167,28","43,68M","-0,34%"
"03.08.2021","168,31","167,04","169,55","164,99","83,15M","1,04%"
"02.08.2021","166,57","167,66","167,95","165,85","67,08M","0,11%"
"30.07.2021","166,38","167,40","168,41","165,35","199,31M","-7,57%"
"29.07.2021","180,00","181,39","181,90","179,00","110,40M","-0,84%"
"28.07.2021","181,52","181,69","182,92","180,05","59,99M","0,11%"
"27.07.2021","181,32","184,93","184,93","179,31","82,64M","-1,98%"
"26.07.2021","184,99","183,66","185,60","182,36","58,00M","1,18%"
"23.07.2021","182,83","182,00","183,31","181,10","48,73M","0,51%"
"22.07.2021","181,90","179,36","182,00","179,11","65,31M","1,47%"
"21.07.2021","179,26","178,82","179,32","177,18","46,38M","0,34%"
"20.07.2021","178,66","178,37","179,60","175,90","65,11M","0,66%"
"19.07.2021","177,48","176,63","177,51","174,96","75,69M","-0,67%"
"16.07.2021","178,68","181,67","182,30","178,52","80,87M","-1,59%"
"15.07.2021","181,56","184,71","184,77","181,05","63,71M","-1,37%"
"14.07.2021","184,08","185,44","185,88","183,04","65,93M","0,11%"
"13.07.2021","183,87","185,10","188,65","183,57","76,92M","-1,11%"
"12.07.2021","185,93","187,20","187,86","184,84","51,43M","-0,02%"
"09.07.2021","185,97","186,13","187,40","184,67","74,96M","-0,32%"
"08.07.2021","186,57","182,18","188,00","181,06","103,61M","0,94%"
"07.07.2021","184,83","185,87","186,71","183,95","106,56M","0,57%"
"06.07.2021","183,79","176,51","184,27","176,45","134,90M","4,69%"
"02.07.2021","175,55","172,58","175,59","171,85","63,53M","2,27%"
"01.07.2021","171,65","171,73","172,85","170,47","40,74M","-0,21%"
"30.06.2021","172,01","172,05","173,58","171,75","48,08M","-0,23%"
"29.06.2021","172,41","171,94","172,80","171,15","41,97M","0,13%"
"28.06.2021","172,19","170,80","172,40","170,68","44,86M","1,25%"
"25.06.2021","170,07","173,20","173,24","169,71","78,82M","-1,38%"
"24.06.2021","172,45","175,38","176,24","171,54","76,64M","-1,56%"
"23.06.2021","175,19","175,25","176,05","174,16","56,27M","-0,05%"
"22.06.2021","175,27","172,90","176,19","172,80","66,90M","1,49%"
"21.06.2021","172,70","173,82","174,10","171,70","65,54M","-0,94%"
"18.06.2021","174,34","174,00","175,35","173,69","104,95M","-0,07%"
"17.06.2021","174,46","170,16","174,86","170,05","102,73M","2,17%"
"16.06.2021","170,76","169,60","171,32","168,03","84,06M","0,95%"
"15.06.2021","169,16","169,20","169,85","168,16","48,52M","-0,02%"
"14.06.2021","169,19","167,34","169,25","166,78","51,39M","1,11%"
"11.06.2021","167,34","167,48","168,33","166,67","56,35M","-0,08%"
"10.06.2021","167,48","164,10","167,55","164,06","69,53M","2,08%"
"09.06.2021","164,06","163,64","164,88","163,53","49,11M","0,52%"
"08.06.2021","163,21","161,13","163,98","160,90","68,33M","2,07%"
"07.06.2021","159,90","159,87","160,40","158,61","44,32M","-0,26%"
"04.06.2021","160,31","160,60","161,05","159,94","44,99M","0,60%"
"03.06.2021","159,35","160,21","160,72","159,20","47,97M","-1,45%"
"02.06.2021","161,70","161,16","161,75","160,40","40,29M","0,48%"
"01.06.2021","160,93","162,17","162,55","160,45","48,60M","-0,14%"
"28.05.2021","161,15","162,10","162,40","160,99","46,63M","-0,22%"
"27.05.2021","161,51","162,80","163,02","161,50","51,22M","-1,07%"
"26.05.2021","163,26","163,73","164,79","162,93","47,68M","0,19%"
"25.05.2021","162,95","163,33","163,99","160,69","65,22M","0,43%"
"24.05.2021","162,25","160,78","162,90","160,52","48,46M","1,31%"
"21.05.2021","160,15","162,50","162,83","159,85","82,10M","-1,37%"
"20.05.2021","162,38","162,22","162,98","161,81","52,66M","0,49%"
"19.05.2021","161,59","159,75","161,74","159,20","53,59M","-0,01%"
"18.05.2021","161,61","164,63","165,60","161,52","56,57M","-1,17%"
"17.05.2021","163,52","162,30","164,64","161,73","74,48M","1,47%"
"14.05.2021","161,15","159,28","161,44","159,15","66,50M","1,95%"
"13.05.2021","158,07","159,27","160,19","156,65","67,14M","0,30%"
"12.05.2021","157,60","159,25","160,40","156,66","98,73M","-2,23%"
"11.05.2021","161,20","156,81","161,90","156,37","92,40M","1,05%"
"10.05.2021","159,52","164,12","164,15","159,50","116,77M","-3,07%"
"07.05.2021","164,58","165,95","166,54","164,45","94,21M","-0,45%"
"06.05.2021","165,32","163,50","165,72","162,36","88,95M","1,09%"
"05.05.2021","163,53","166,94","167,73","163,22","74,23M","-1,24%"
"04.05.2021","165,59","167,81","168,40","163,61","108,79M","-2,20%"
"03.05.2021","169,32","174,24","174,33","168,64","117,51M","-2,34%"
"30.04.2021","173,37","176,26","177,70","173,12","140,19M","-0,12%"
"29.04.2021","173,57","175,25","175,72","171,75","153,65M","0,37%"
"28.04.2021","172,93","171,74","174,49","171,25","92,64M","1,21%"
"27.04.2021","170,87","172,17","173,00","169,90","76,54M","0,25%"
"26.04.2021","170,45","167,40","171,42","166,55","97,61M","2,04%"
"23.04.2021","167,04","165,96","168,75","165,43","63,93M","0,96%"
"22.04.2021","165,45","168,58","168,64","165,07","51,61M","-1,58%"
"21.04.2021","168,10","165,80","168,14","165,19","44,22M","0,82%"
"20.04.2021","166,73","168,68","169,15","165,80","52,46M","-1,11%"
"19.04.2021","168,60","169,52","171,80","168,01","54,51M","-0,81%"
"16.04.2021","169,97","169,00","170,34","167,78","63,72M","0,60%"
"15.04.2021","168,95","168,55","169,85","167,60","64,67M","1,38%"
"14.04.2021","166,65","170,20","170,21","166,30","62,90M","-1,97%"
"13.04.2021","170,00","170,04","171,60","169,78","66,32M","0,61%"
"12.04.2021","168,97","167,76","169,75","167,56","65,64M","0,21%"
"09.04.2021","168,61","165,24","168,61","164,44","86,83M","2,21%"
"08.04.2021","164,97","165,54","166,22","164,60","56,24M","0,61%"
"07.04.2021","163,97","161,69","165,18","161,18","66,92M","1,72%"
"06.04.2021","161,19","161,19","162,37","160,85","50,76M","-0,09%"
"05.04.2021","161,34","158,65","161,80","158,06","66,70M","2,08%"
"01.04.2021","158,05","155,90","158,12","155,78","58,81M","2,17%"
"31.03.2021","154,70","153,20","155,97","153,12","61,88M","1,27%"
"30.03.2021","152,76","153,50","153,65","151,70","46,75M","-0,67%"
"29.03.2021","153,79","152,77","154,56","151,42","54,92M","0,78%"
"26.03.2021","152,60","152,20","152,83","149,80","66,26M","0,19%"
"25.03.2021","152,31","153,65","155,49","151,86","71,27M","-1,32%"
"24.03.2021","154,35","157,55","158,02","154,26","59,18M","-1,61%"
"23.03.2021","156,88","156,35","159,10","156,04","76,35M","0,86%"
"22.03.2021","155,54","153,39","156,33","153,00","58,04M","1,16%"
"19.03.2021","153,75","151,46","153,86","150,83","92,51M","1,55%"
"18.03.2021","151,40","155,05","155,83","151,25","73,14M","-3,44%"
"17.03.2021","156,79","153,66","158,65","153,51","62,37M","1,42%"
"16.03.2021","154,59","155,25","156,45","153,79","50,78M","0,33%"
"15.03.2021","154,08","153,73","154,11","151,60","58,37M","-0,25%"
"12.03.2021","154,47","153,75","154,95","152,28","48,44M","-0,78%"
"11.03.2021","155,68","155,20","156,59","154,15","55,53M","1,83%"
"10.03.2021","152,88","154,92","155,82","151,50","60,25M","-0,17%"
"09.03.2021","153,14","150,90","154,55","150,26","80,60M","3,75%"
"08.03.2021","147,60","150,75","153,23","147,57","83,70M","-1,61%"
"05.03.2021","150,02","150,25","150,45","144,05","107,77M","0,77%"
"04.03.2021","148,88","150,60","152,91","147,27","109,63M","-0,91%"
"03.03.2021","150,25","154,06","155,39","149,75","79,77M","-2,90%"
"02.03.2021","154,73","157,17","158,18","154,36","51,92M","-1,64%"
"01.03.2021","157,31","156,39","157,48","154,90","54,68M","1,72%"
"26.02.2021","154,65","154,76","156,12","151,84","85,52M","1,17%"
"25.02.2021","152,86","156,84","158,91","152,39","90,68M","-3,24%"
"24.02.2021","157,98","158,34","158,56","156,27","60,23M","-1,09%"
"23.02.2021","159,72","156,35","160,24","154,68","93,54M","0,43%"
"22.02.2021","159,04","160,41","161,62","158,61","70,31M","-2,13%"
"19.02.2021","162,50","166,41","166,68","162,29","86,10M","-2,35%"
"18.02.2021","166,41","164,12","166,90","163,70","60,67M","0,59%"
"17.02.2021","165,43","163,18","166,05","162,97","66,04M","1,21%"
"16.02.2021","163,45","162,70","165,41","162,68","51,49M","-0,27%"
"12.02.2021","163,89","162,50","164,01","161,67","46,71M","0,48%"
"11.02.2021","163,11","164,60","164,60","162,40","46,03M","-0,74%"
"10.02.2021","164,33","165,70","165,90","162,70","63,03M","-0,56%"
"09.02.2021","165,25","165,62","166,90","164,89","44,07M","-0,54%"
"08.02.2021","166,15","167,93","168,25","165,20","65,15M","-0,87%"
"05.02.2021","167,61","165,95","168,85","165,14","72,42M","0,64%"
"04.02.2021","166,55","166,50","167,35","163,89","73,41M","0,56%"
"03.02.2021","165,63","171,25","171,70","165,43","141,78M","-1,99%"
"02.02.2021","169,00","169,00","171,39","168,06","141,97M","1,11%"
"01.02.2021","167,14","162,12","167,51","161,75","83,20M","4,26%"
"29.01.2021","160,31","161,50","161,85","159,23","85,87M","-0,97%"
"28.01.2021","161,88","161,75","165,08","161,43","62,98M","0,15%"
"27.01.2021","161,63","167,07","167,33","160,35","93,20M","-2,81%"
"26.01.2021","166,31","164,82","166,90","164,14","59,10M","0,98%"
"25.01.2021","164,70","166,43","168,19","162,16","75,00M","0,05%"
"22.01.2021","164,61","165,22","166,10","164,16","56,44M","-0,45%"
"21.01.2021","165,35","164,65","167,43","164,48","98,90M","1,34%"
"20.01.2021","163,17","159,10","163,99","158,75","106,20M","4,57%"
"19.01.2021","156,04","155,35","157,25","154,80","66,10M","0,53%"
"15.01.2021","155,21","156,15","157,13","154,76","84,88M","-0,74%"
"14.01.2021","156,37","158,38","158,90","156,03","61,42M","-1,21%"
"13.01.2021","158,29","156,42","159,50","156,10","66,42M","1,44%"
"12.01.2021","156,04","156,00","157,11","154,30","70,29M","0,21%"
"11.01.2021","155,71","157,40","157,82","155,50","73,38M","-2,15%"
"08.01.2021","159,13","159,00","159,53","157,11","70,75M","0,65%"
"07.01.2021","158,11","157,85","160,43","157,75","70,29M","0,76%"
"06.01.2021","156,92","157,32","159,88","156,56","87,90M","-2,49%"
"05.01.2021","160,93","158,30","161,17","158,25","53,11M","1,00%"
"04.01.2021","159,33","163,50","163,60","157,20","88,23M","-2,16%"